course_title,course_organization,course_Certificate_type,course_rating,course_difficulty,course_students_enrolled
(isc)² systems security certified practitioner (sscp),(isc)²,specialization,4.7,beginner,5.3k
a crash course in causality:  inferring causal effects from observational data,university of pennsylvania,course,4.7,intermediate,17k
a crash course in data science,johns hopkins university,course,4.5,mixed,130k
a law student's toolkit,yale university,course,4.7,mixed,91k
a life of happiness and fulfillment,indian school of business,course,4.8,mixed,320k
adhd: everyday strategies for elementary students,university at buffalo,course,4.7,beginner,39k
ai for everyone,deeplearning.ai,course,4.8,beginner,350k
ai for medical treatment,deeplearning.ai,course,4.8,intermediate,2.4k
ai foundations for everyone,ibm,specialization,4.7,beginner,61k
ai for medical diagnosis,deeplearning.ai,course,4.7,intermediate,12k
ai for medical prognosis,deeplearning.ai,course,4.6,intermediate,4k
ai for medicine,deeplearning.ai,specialization,4.7,intermediate,13k
aws fundamentals,amazon web services,specialization,4.6,beginner,130k
aws fundamentals: addressing security risk,amazon web services,course,4.3,beginner,11k
aws fundamentals: building serverless applications,amazon web services,course,4.7,beginner,27k
aws fundamentals: going cloud-native,amazon web services,course,4.7,beginner,110k
aws fundamentals: migrating to the cloud,amazon web services,course,4.5,intermediate,13k
aboriginal worldviews and education,university of toronto,course,4.7,mixed,6.6k
academic english: writing,"university of california, irvine",specialization,4.7,beginner,540k
accelerated computer science fundamentals,university of illinois at urbana-champaign,specialization,4.7,intermediate,22k
access controls,(isc)²,course,4.6,beginner,2.9k
accounting analytics,university of pennsylvania,course,4.5,mixed,80k
accounting for decision making,university of michigan,course,4.8,intermediate,9.9k
achieving personal and professional success,university of pennsylvania,specialization,4.7,beginner,110k
actualización en el manejo del paciente con diabetes mellitus tipo 2,universidad nacional autónoma de méxico,course,4.8,mixed,23k
addiction treatment: clinical skills for healthcare providers,yale university,course,4.8,beginner,9.2k
advanced business analytics,university of colorado boulder,specialization,4.5,intermediate,78k
advanced data science with ibm,ibm,specialization,4.4,advanced,320k
advanced machine learning,national research university higher school of economics,specialization,4.5,advanced,190k
advanced machine learning with tensorflow on google cloud platform,google cloud,specialization,4.5,advanced,35k
"advanced valuation and strategy - m&a, private equity, and venture capital",erasmus university rotterdam,course,4.7,advanced,29k
advertising and society,duke university,course,4.8,mixed,14k
age of cathedrals,yale university,course,4.7,beginner,21k
agile development,university of virginia,specialization,4.7,beginner,94k
agile meets design thinking,university of virginia,course,4.7,beginner,69k
agile with atlassian jira,atlassian,course,4.7,beginner,40k
agile и scrum в работе над проектами и продуктами,scrumtrek,course,4.9,beginner,12k
algorithmic toolbox,university of california san diego,course,4.7,intermediate,220k
algorithms,stanford university,specialization,4.8,intermediate,150k
algorithms for battery management systems,university of colorado system,specialization,4.8,intermediate,14k
american contract law i,yale university,course,4.9,beginner,18k
an introduction to american law,university of pennsylvania,course,4.8,beginner,23k
an introduction to consumer neuroscience & neuromarketing,copenhagen business school,course,4.7,beginner,69k
an introduction to programming the internet of things (iot),"university of california, irvine",specialization,4.6,beginner,270k
analysing: numeric and digital literacies,macquarie university,specialization,4.6,beginner,7.9k
anatomy,university of michigan,specialization,4.8,beginner,30k
"anatomy of the chest, abdomen, and pelvis",yale university,course,4.8,intermediate,36k
anatomy: musculoskeletal and integumentary systems,university of michigan,course,4.8,beginner,20k
ancient philosophy: aristotle and his successors,university of pennsylvania,course,4.8,mixed,8.1k
android app development,vanderbilt university,specialization,4.5,beginner,120k
animal behaviour and welfare,the university of edinburgh,course,4.8,mixed,71k
antibiotic stewardship,stanford university,course,4.5,advanced,11k
anticorrupción: introducción a conceptos y perspectiva práctica,universidad nacional autónoma de méxico,course,4.8,beginner,11k
antimicrobial resistance - theory and methods,technical university of denmark (dtu),course,4.6,intermediate,63k
applied data science,ibm,specialization,4.6,beginner,220k
applied data science capstone,ibm,course,4.7,intermediate,42k
applied data science with python,university of michigan,specialization,4.5,intermediate,480k
applied machine learning in python,university of michigan,course,4.6,intermediate,150k
"applied plotting, charting & data representation in python",university of michigan,course,4.6,intermediate,97k
aprende a programar con python,universidad austral,specialization,4.2,beginner,6.6k
aprender,universidad nacional autónoma de méxico,course,4.8,mixed,200k
aprendiendo a aprender: poderosas herramientas mentales con las que podrás dominar temas difíciles (learning how to learn),university of california san diego,course,4.9,beginner,180k
architecting with google cloud platform 日本語版,google cloud,specialization,4.5,intermediate,4.2k
architecting with google compute engine,google cloud,specialization,4.7,intermediate,310k
architecting with google kubernetes engine 日本語版,google cloud,specialization,4.5,beginner,3.9k
arizona state university tesol,arizona state university,professional certificate,4.9,beginner,150k
art & activity: interactive strategies for engaging with art,the museum of modern art,course,4.8,mixed,79k
art & ideas: teaching with themes,the museum of modern art,course,4.8,mixed,31k
arts and culture strategy,national arts strategies,course,4.6,mixed,15k
arts and heritage management,università bocconi,course,4.8,mixed,15k
aspectos básicos de la planificación y la gestión de proyectos,university of virginia,course,4.9,beginner,10k
astrobiology and the search for extraterrestrial life,the university of edinburgh,course,4.7,mixed,66k
atención primaria en salud: el desafío de las enfermedades no transmisibles,pontificia universidad católica de chile,course,4.8,intermediate,33k
autism spectrum disorder,"university of california, davis",course,4.6,mixed,56k
autodesk cad/cam for manufacturing,autodesk,specialization,4.8,intermediate,7.3k
autodesk cad/cam/cae for mechanical engineering,autodesk,specialization,4.8,intermediate,9.2k
autodesk certified professional: autocad for design and drafting exam prep,autodesk,course,4.7,advanced,22k
autodesk certified professional: revit for architectural design exam prep,autodesk,course,4.7,advanced,9.7k
bim fundamentals for engineers,national taiwan university,course,4.6,beginner,13k
basic statistics,university of amsterdam,course,4.6,beginner,180k
bayesian statistics: from concept to data analysis,"university of california, santa cruz",course,4.8,intermediate,91k
bayesian statistics: techniques and models,"university of california, santa cruz",course,4.8,intermediate,29k
become a cbrs certified professional installer by google,google - spectrum sharing,course,4.9,mixed,210k
become a journalist: report the news!,michigan state university,specialization,4.7,beginner,28k
become a sustainable business change agent,university of colorado system,specialization,4.7,intermediate,4.2k
becoming a sports agent,case western reserve university,course,4.7,beginner,6.5k
becoming a changemaker: introduction to social innovation,university of cape town,course,4.8,beginner,61k
behavioral finance,duke university,course,4.4,mixed,55k
beyond the sustainable development goals (sdgs): addressing sustainability and development,university of michigan,course,4.6,mixed,2.3k
big data – introducción al uso práctico de datos masivos,universitat autònoma de barcelona,specialization,4.5,beginner,8.8k
biohacking your brain's health,emory university,course,4.6,beginner,35k
biology meets programming: bioinformatics for beginners,university of california san diego,course,4.4,beginner,88k
biostatistics in public health,johns hopkins university,specialization,4.8,beginner,14k
blended language learning: design and practice for teachers,university of colorado boulder,course,4.8,intermediate,1.9k
blockchain,university at buffalo,specialization,4.6,intermediate,68k
blockchain revolution,insead,specialization,4.7,beginner,21k
blockchain revolution in financial services,insead,specialization,4.6,beginner,1.6k
blockchain: foundations and use cases,consensys academy,course,4.7,beginner,31k
boosting creativity for innovation,hec paris,course,4.9,beginner,9.5k
"brand management: aligning business, brand and behaviour",london business school,course,4.9,beginner,57k
branding: the creative journey,ie business school,specialization,4.6,beginner,26k
budgeting and scheduling projects,"university of california, irvine",course,4.7,mixed,84k
bugs 101: insect-human interactions,university of alberta,course,4.9,beginner,15k
build a modern computer from first principles: from nand to tetris (project-centered course),hebrew university of jerusalem,course,4.9,mixed,95k
building batch data pipelines on gcp,google cloud,course,4.5,intermediate,7.3k
building conversational experiences with dialogflow,google cloud,course,4.5,beginner,22k
building resilient streaming analytics systems on gcp,google cloud,course,4.6,intermediate,5.8k
building scalable java microservices with spring boot and spring cloud,google cloud,course,4.3,intermediate,24k
building your leadership skills,hec paris,course,4.5,mixed,67k
business analytics,university of pennsylvania,specialization,4.6,beginner,280k
business english,arizona state university,specialization,4.7,intermediate,38k
business english communication skills,university of washington,specialization,4.7,intermediate,120k
business english: networking,university of washington,course,4.7,intermediate,77k
business foundations,university of pennsylvania,specialization,4.7,beginner,510k
business model innovation,hec paris,course,4.7,mixed,13k
business statistics and analysis,rice university,specialization,4.7,beginner,110k
business strategies for a better world,university of pennsylvania,specialization,4.7,beginner,24k
business strategy,university of virginia,specialization,4.7,beginner,89k
business technology management,indian school of business,specialization,4.5,beginner,67k
business transformation with google cloud,google cloud,course,4.7,beginner,10k
business writing,university of colorado boulder,course,4.8,beginner,48k
business and financial modeling,university of pennsylvania,specialization,4.5,beginner,160k
c for everyone: programming fundamentals,"university of california, santa cruz",course,4.5,beginner,31k
c# programming for unity game development,university of colorado system,specialization,4.7,beginner,36k
covid-19 contact tracing,johns hopkins university,course,4.9,beginner,220k
covid-19: what you need to know (cme eligible),osmosis,course,4.8,beginner,32k
"cameras, exposure, and photography",michigan state university,course,4.7,mixed,130k
camino a la excelencia en gestión de proyectos,pontificia universidad católica de chile,course,4.7,beginner,340k
"capstone: retrieving, processing, and visualizing data with python",university of michigan,course,4.6,mixed,82k
career success,"university of california, irvine",specialization,4.4,beginner,790k
challenging forensic science: how science should speak to court,university of lausanne,course,4.8,beginner,31k
chemicals and health,johns hopkins university,course,4.7,beginner,23k
chicken behaviour and welfare,the university of edinburgh,course,4.7,mixed,19k
child nutrition and cooking,stanford university,course,4.7,beginner,30k
chinese for hsk 1,peking university,course,4.8,beginner,22k
cisco networking basics,cisco,specialization,4.7,beginner,57k
classical sociological theory,university of amsterdam,course,4.8,mixed,51k
claves de la dirección de empresas,iese business school,specialization,4.8,beginner,51k
climate change and health: from science to action,yale university,specialization,4.6,beginner,4.8k
clinical terminology for international and u.s. students,university of pittsburgh,course,4.8,beginner,32k
cloud computing,university of illinois at urbana-champaign,specialization,4.4,intermediate,110k
cloud computing basics (cloud 101),learnquest,course,4.5,beginner,37k
cloud engineering with google cloud,google cloud,professional certificate,4.7,intermediate,310k
coaching skills for managers,"university of california, davis",specialization,4.7,intermediate,37k
code yourself! an introduction to programming,the university of edinburgh,course,4.7,beginner,120k
communication skills for engineers,rice university,specialization,4.7,beginner,15k
communication strategies for a virtual age,university of toronto,course,4.8,beginner,43k
compassionate leadership through service learning with jane goodall and roots & shoots,university of colorado boulder,course,4.9,beginner,6.4k
"competencias digitales. herramientas de ofimática (microsoft word, excel, power point)",universitat autònoma de barcelona,course,4.7,beginner,43k
competitive strategy and organization design,ludwig-maximilians-universität münchen (lmu),specialization,4.7,intermediate,350k
computational social science,"university of california, davis",specialization,4.6,beginner,5.8k
computational thinking for problem solving,university of pennsylvania,course,4.8,beginner,33k
computer security and systems management,university of colorado system,specialization,4.6,beginner,27k
conflict management,"university of california, irvine",specialization,4.3,beginner,66k
construction cost estimating and cost control,columbia university,course,4.7,beginner,19k
construction management,columbia university,specialization,4.7,beginner,61k
construction project management,columbia university,course,4.8,beginner,43k
construction scheduling,columbia university,course,4.8,beginner,15k
contabilidad para no contadores,universidad nacional autónoma de méxico,course,4.7,beginner,220k
content strategy for professionals,northwestern university,specialization,4.5,beginner,27k
continuous delivery & devops,university of virginia,course,4.6,beginner,26k
control of mobile robots,georgia institute of technology,course,4.8,mixed,49k
convolutional neural networks,deeplearning.ai,course,4.9,intermediate,240k
convolutional neural networks in tensorflow,deeplearning.ai,course,4.7,intermediate,46k
corporate & commercial law i: contracts & employment law,university of illinois at urbana-champaign,course,4.8,intermediate,10k
corporate finance essentials,iese business school,course,4.8,mixed,56k
corporate strategy,ucl school of management,course,4.8,beginner,7.8k
corporate sustainability. understanding and seizing the strategic opportunity,università bocconi,course,4.6,mixed,10k
"corrección, estilo y  variaciones de la lengua española",universitat autònoma de barcelona,course,4.6,beginner,75k
cost and economics in pricing strategy,university of virginia,course,4.8,beginner,15k
costos para los negocios,universidad de chile,course,4.8,intermediate,43k
crash course on python,google,course,4.8,beginner,81k
creative problem solving,university of minnesota,course,4.3,mixed,140k
creative writing,wesleyan university,specialization,4.6,beginner,140k
creative writing: the craft of plot,wesleyan university,course,4.7,mixed,120k
"creatividad, diseño e innovación: técnicas y herramientas",arizona state university,specialization,4.7,beginner,150k
cuidado de heridas en el ámbito hospitalario,universidad nacional autónoma de méxico,course,4.8,intermediate,26k
cuidados y procedimientos generales en la atención del recién nacido,universidad de chile,course,4.8,intermediate,22k
culture-driven team building,university of pennsylvania,specialization,4.6,beginner,17k
curanderismo: traditional healing using plants,university of new mexico,course,4.6,beginner,5.5k
customer segmentation and prospecting,northwestern university,course,4.7,beginner,18k
cybersecurity,"university of maryland, college park",specialization,4.5,intermediate,99k
cybersecurity and its ten domains,university system of georgia,course,4.2,beginner,140k
cybersecurity for business,university of colorado system,specialization,4.6,beginner,23k
cómo hablar bien en público,universitat autònoma de barcelona,course,4.8,beginner,55k
dairy production and management,the pennsylvania state university,course,4.8,mixed,23k
data analysis and interpretation,wesleyan university,specialization,4.4,beginner,100k
data analysis and presentation skills: the pwc approach,pwc,specialization,4.6,beginner,220k
data analysis with python,ibm,course,4.7,beginner,110k
data analytics for lean six sigma,university of amsterdam,course,4.8,beginner,24k
data collection and processing with python,university of michigan,course,4.7,intermediate,19k
data engineering on google cloud platform 日本語版,google cloud,specialization,4.4,intermediate,3k
data engineering with google cloud,google cloud,professional certificate,4.6,intermediate,120k
"data engineering, big data, and machine learning on gcp",google cloud,specialization,4.6,intermediate,120k
data management for clinical research,vanderbilt university,course,4.7,beginner,42k
data mining,university of illinois at urbana-champaign,specialization,4.4,intermediate,140k
data science,johns hopkins university,specialization,4.5,beginner,830k
data science math skills,duke university,course,4.5,beginner,140k
data science methodology,ibm,course,4.6,beginner,89k
data science: foundations using r,johns hopkins university,specialization,4.6,beginner,740k
data science: statistics and machine learning,johns hopkins university,specialization,4.4,intermediate,210k
data visualization and communication with tableau,duke university,course,4.7,mixed,130k
data visualization with advanced excel,pwc,course,4.8,beginner,60k
data visualization with python,ibm,course,4.6,intermediate,66k
data visualization with tableau,"university of california, davis",specialization,4.5,beginner,96k
data warehousing for business intelligence,university of colorado system,specialization,4.5,advanced,140k
data and health indicators in public health practice,johns hopkins university,course,4.7,beginner,18k
data-driven decision making,pwc,course,4.6,beginner,120k
databases and sql for data science,ibm,course,4.7,beginner,110k
de-mystifying mindfulness,universiteit leiden,course,4.8,beginner,150k
decision-making and scenarios,university of pennsylvania,course,4.6,mixed,31k
deep learning,deeplearning.ai,specialization,4.8,intermediate,690k
democracia y decisiones públicas. introducción al análisis de políticas públicas,universitat autònoma de barcelona,course,4.8,beginner,44k
dentistry 101,university of michigan,course,4.7,beginner,4.5k
dermatology: trip to skin,novosibirsk state university,course,4.4,beginner,8.2k
design thinking for innovation,university of virginia,course,4.6,beginner,240k
design thinking for the greater good: innovation in the social sector,university of virginia,course,4.6,beginner,17k
design and interpretation of clinical trials,johns hopkins university,course,4.7,mixed,67k
design and make infographics (project-centered course),michigan state university,course,4.7,mixed,97k
design-led strategy: design thinking for business strategy and entrepreneurship,the university of sydney,course,4.6,intermediate,19k
developing apis with google cloud's apigee api platform,google cloud,specialization,4.6,intermediate,16k
developing applications with google cloud platform,google cloud,specialization,4.7,intermediate,300k
developing applications with google cloud platform 日本語版,google cloud,specialization,4.8,intermediate,4k
developing industrial internet of things,university of colorado boulder,specialization,4.6,intermediate,8k
developing your musicianship,berklee college of music,course,4.8,mixed,41k
developing your musicianship,berklee college of music,specialization,4.8,beginner,54k
devenir entrepreneur du changement,ticket for change,course,4.7,mixed,54k
digital advertising strategy,university of colorado boulder,specialization,4.4,beginner,9k
digital business models,lund university,course,4.5,beginner,21k
digital manufacturing & design technology,university at buffalo,specialization,4.6,beginner,37k
digital marketing,university of illinois at urbana-champaign,specialization,4.6,beginner,380k
digital media and marketing strategies,university of illinois at urbana-champaign,course,4.4,mixed,57k
digital product management,university of virginia,specialization,4.7,beginner,140k
digital product management: modern fundamentals,university of virginia,course,4.7,beginner,58k
dino 101: dinosaur paleobiology,university of alberta,course,4.5,beginner,35k
discrete optimization,the university of melbourne,course,4.9,intermediate,40k
diseño instruccional: aprendizaje activo y pedagogía digital,tecnológico de monterrey,specialization,4.6,beginner,4k
diseño y creación de un emprendimiento social,pontificia universidad católica de chile,course,4.9,beginner,21k
"divide and conquer, sorting and searching, and randomized algorithms",stanford university,course,4.8,intermediate,130k
dog emotion and cognition,duke university,course,4.6,mixed,150k
driving business towards the sustainable development goals,erasmus university rotterdam,course,4.8,beginner,5.6k
drug commercialization,university of california san diego,course,4.7,beginner,17k
drug discovery,university of california san diego,course,4.6,beginner,39k
dynamic public speaking,university of washington,specialization,4.7,beginner,110k
emt foundations,university of colorado system,course,4.8,beginner,7.1k
ecology: ecosystem dynamics and conservation,american museum of natural history,course,4.8,intermediate,18k
econometrics: methods and applications,erasmus university rotterdam,course,4.7,mixed,110k
economics of money and banking,columbia university,course,4.9,mixed,83k
ecosystem services: a method for sustainable development,university of geneva,course,4.7,intermediate,16k
effective compliance programs,university of pennsylvania,course,4.9,mixed,3.4k
egiptología (egyptology),universitat autònoma de barcelona,course,4.9,beginner,46k
el abogado del futuro: legaltech y la transformación digital del derecho,universidad austral,course,5.0,beginner,1.5k
elastic google cloud infrastructure: scaling and automation,google cloud,course,4.7,intermediate,57k
electric industry operations and markets,duke university,course,4.8,beginner,12k
electronic music production,berklee college of music,specialization,4.8,intermediate,110k
emerging technologies: from smartphones to iot to big data,yonsei university,specialization,4.6,beginner,17k
"energy production, distribution & safety",university at buffalo,specialization,4.7,beginner,37k
engineering health: introduction to yoga and physiology,new york university,course,4.8,beginner,14k
engineering project management: initiating and planning,rice university,course,4.7,beginner,23k
english composition i,duke university,course,4.6,beginner,200k
english for business and entrepreneurship,university of pennsylvania,course,4.8,beginner,230k
english for career development,university of pennsylvania,course,4.8,mixed,760k
english for journalism,university of pennsylvania,course,4.8,mixed,130k
english for research publication purposes,moscow institute of physics and technology,specialization,4.6,intermediate,42k
"english for science, technology, engineering, and mathematics",university of pennsylvania,course,4.8,beginner,110k
enterprise architecture,peter the great st. petersburg polytechnic university,course,4.4,beginner,2.4k
entrepreneurial finance: strategy and innovation,duke university,specialization,4.5,intermediate,7.9k
entrepreneurship,university of pennsylvania,specialization,4.8,beginner,110k
entrepreneurship 1: developing the opportunity,university of pennsylvania,course,4.8,mixed,86k
entrepreneurship 2: launching your start-up,university of pennsylvania,course,4.8,mixed,38k
entrepreneurship 3: growth strategies,university of pennsylvania,course,4.7,beginner,31k
entrepreneurship strategy: from ideation to exit,hec paris,course,4.8,beginner,20k
entrepreneurship: launching an innovative business,"university of maryland, college park",specialization,4.6,beginner,69k
epidemics - the dynamics of infectious diseases,the pennsylvania state university,course,4.8,mixed,45k
"epidemics, pandemics and outbreaks",university of pittsburgh,course,4.7,mixed,23k
epidemiology for public health,imperial college london,specialization,4.7,beginner,6.4k
epidemiology in public health practice,johns hopkins university,specialization,4.7,beginner,31k
epidemiology: the basic science of public health,the university of north carolina at chapel hill,course,4.6,mixed,130k
epigenetic control of gene expression,the university of melbourne,course,4.8,mixed,35k
equine welfare and management,"university of california, davis",course,4.8,beginner,7.2k
esports,"university of california, irvine",specialization,4.5,beginner,1.8k
essential epidemiologic tools for public health practice,johns hopkins university,course,4.7,beginner,14k
essential google cloud infrastructure: core services,google cloud,course,4.7,intermediate,68k
essential google cloud infrastructure: foundation,google cloud,course,4.7,intermediate,83k
essentials in clinical simulations across the health professions,the george washington university,course,4.8,intermediate,4.1k
essentials of corporate finance,the university of melbourne,specialization,4.6,intermediate,54k
essentials of global health,yale university,course,4.8,mixed,31k
estadística y probabilidad,universidad nacional autónoma de méxico,course,4.7,beginner,27k
evaluación educativa,universidad nacional autónoma de méxico,specialization,4.8,beginner,13k
"everyday excel, part 1",university of colorado boulder,course,4.8,beginner,11k
everyday parenting: the abcs of child rearing,yale university,course,4.9,beginner,86k
excel skills for business,macquarie university,specialization,4.9,beginner,240k
excel skills for business: advanced,macquarie university,course,4.7,intermediate,39k
excel skills for business: essentials,macquarie university,course,4.9,beginner,200k
excel skills for business: intermediate i,macquarie university,course,4.9,intermediate,76k
excel skills for business: intermediate ii,macquarie university,course,4.8,intermediate,39k
excel to mysql: analytic techniques for business,duke university,specialization,4.6,beginner,490k
excel/vba for creative problem solving,university of colorado boulder,specialization,4.8,beginner,56k
"excel/vba for creative problem solving, part 1",university of colorado boulder,course,4.8,beginner,54k
executive data science,johns hopkins university,specialization,4.5,beginner,170k
explorando la energía sustentable,pontificia universidad católica de chile,course,4.8,beginner,28k
fashion as design,the museum of modern art,course,4.8,beginner,180k
feminism and social justice,"university of california, santa cruz",course,4.8,beginner,18k
fintech law and policy,duke university,course,4.8,beginner,9.7k
fintech: finance industry transformation and regulation,the hong kong university of science and technology,specialization,4.6,beginner,13k
"fintech: foundations, payments, and regulations",university of pennsylvania,course,4.7,beginner,12k
finance & quantitative modeling for analysts,university of pennsylvania,specialization,4.5,beginner,260k
finance for non-finance professionals,rice university,course,4.8,beginner,69k
finance for non-financial managers,emory university,course,4.4,intermediate,12k
financial accounting fundamentals,university of virginia,course,4.8,beginner,65k
financial acumen for non-financial managers,university of pennsylvania,course,4.5,beginner,10k
financial engineering and risk management part i,columbia university,course,4.6,mixed,100k
financial management,university of illinois at urbana-champaign,specialization,4.7,intermediate,76k
financial markets,yale university,course,4.8,beginner,470k
financial markets and investment strategy,indian school of business,specialization,4.5,beginner,60k
financial reporting,university of illinois at urbana-champaign,specialization,4.8,intermediate,12k
financial technology (fintech) innovations,university of michigan,specialization,4.7,beginner,6.5k
financing and investing in infrastructure,università bocconi,course,4.8,mixed,24k
finanzas corporativas,universidad nacional autónoma de méxico,specialization,4.6,intermediate,30k
finanzas personales,universidad nacional autónoma de méxico,course,4.8,mixed,310k
finding purpose and meaning in life: living for what matters most,university of michigan,course,4.7,beginner,36k
fintech: foundations & applications of financial technology,university of pennsylvania,specialization,4.6,beginner,20k
first step korean,yonsei university,course,4.9,beginner,400k
food & beverage management,università bocconi,course,4.8,mixed,57k
forensic accounting and fraud examination,west virginia university,course,4.7,mixed,42k
formulación y evaluación de proyectos complejos,universidad de los andes,course,4.9,intermediate,4.4k
foundational finance for strategic decision making,university of michigan,specialization,4.8,beginner,14k
foundations of business strategy,university of virginia,course,4.8,beginner,63k
foundations of everyday leadership,university of illinois at urbana-champaign,course,4.8,mixed,62k
foundations of global health,johns hopkins university,specialization,4.7,beginner,31k
foundations of management,iese business school,specialization,4.8,beginner,64k
foundations of marketing analytics,emory university,specialization,4.2,intermediate,27k
foundations of positive psychology,university of pennsylvania,specialization,4.8,beginner,89k
foundations of public health practice,imperial college london,specialization,4.8,beginner,3.2k
from data to insights with google cloud platform,google cloud,specialization,4.6,beginner,26k
from the big bang to dark energy,the university of tokyo,course,4.8,beginner,52k
front-end web development with react,the hong kong university of science and technology,course,4.7,intermediate,45k
front-end web ui frameworks and tools: bootstrap 4,the hong kong university of science and technology,course,4.8,intermediate,89k
full stack web and multiplatform mobile app development,the hong kong university of science and technology,specialization,4.7,intermediate,150k
full-stack web development with react,the hong kong university of science and technology,specialization,4.7,intermediate,140k
functional programming principles in scala,école polytechnique fédérale de lausanne,course,4.8,intermediate,170k
functional programming in scala,école polytechnique fédérale de lausanne,specialization,4.7,intermediate,220k
fundamental neuroscience for neuroimaging,johns hopkins university,course,4.6,beginner,30k
fundamentals of accounting,university of illinois at urbana-champaign,specialization,4.6,beginner,39k
fundamentals of computing,rice university,specialization,4.8,beginner,200k
fundamentals of engineering exam review,georgia institute of technology,course,4.7,mixed,49k
fundamentals of gis,"university of california, davis",course,4.8,beginner,86k
fundamentals of graphic design,california institute of the arts,course,4.8,beginner,290k
fundamentals of immunology,rice university,specialization,4.7,intermediate,20k
fundamentals of immunology: innate immunity and b-cell function,rice university,course,4.7,intermediate,18k
fundamentals of music theory,the university of edinburgh,course,4.6,beginner,180k
fundamentals of project planning and management,university of virginia,course,4.7,beginner,120k
fundamentals of quantitative modeling,university of pennsylvania,course,4.6,mixed,110k
fundamentals of reinforcement learning,university of alberta,course,4.8,intermediate,22k
fundamentals of visualization with tableau,"university of california, davis",course,4.5,beginner,81k
fundamentos empresariales,university of pennsylvania,specialization,4.6,beginner,25k
fundamentos estratégicos empresariales,universidad nacional autónoma de méxico,specialization,4.6,beginner,56k
fundamentos de excel para negocios,universidad austral,course,4.7,beginner,150k
fundamentos de finanzas empresariales,universidad de los andes,course,4.8,beginner,110k
fundamentos de la escritura,tecnológico de monterrey,course,4.6,beginner,47k
fundraising and development,"university of california, davis",specialization,4.6,beginner,4.9k
futures thinking,institute for the future,specialization,4.8,beginner,9.4k
g suite administration,google cloud,specialization,4.7,beginner,10k
"gis, mapping, and spatial analysis",university of toronto,specialization,4.8,beginner,140k
game design and development,michigan state university,specialization,4.7,intermediate,100k
game theory,stanford university,course,4.6,beginner,260k
gamification,university of pennsylvania,course,4.8,mixed,110k
gender and sexuality: diversity and inclusion in the workplace,university of pittsburgh,course,4.7,beginner,14k
genomic data science,johns hopkins university,specialization,4.4,intermediate,80k
geographic information systems  (gis),"university of california, davis",specialization,4.8,beginner,97k
geopolitics of europe,sciences po,course,4.3,mixed,19k
geopolítica y gobernanza global: riesgos y oportunidades,esade business and law school,course,4.8,mixed,34k
gestión de organizaciones efectivas,pontificia universidad católica de chile,course,4.7,mixed,47k
get interactive: practical teaching with technology,bloomsbury learning exchange,course,4.7,beginner,14k
getting started with music theory,michigan state university,course,4.5,beginner,59k
getting started with aws machine learning,amazon web services,course,4.5,intermediate,73k
getting started with go,"university of california, irvine",course,4.6,intermediate,59k
getting started with google kubernetes engine,google cloud,course,4.5,intermediate,75k
getting started with google sheets,google cloud,course,4.6,beginner,18k
getting started with sas programming,sas,course,4.9,beginner,22k
global diplomacy – diplomacy in the modern world,soas university of london,course,4.6,mixed,79k
global diplomacy: the united nations in the world,soas university of london,course,4.7,beginner,29k
global energy and climate policy,soas university of london,course,4.5,beginner,10k
global environmental management,technical university of denmark (dtu),course,4.6,intermediate,22k
global financial markets and instruments,rice university,course,4.6,mixed,37k
global financing solutions  (by edhec and société générale),edhec business school,course,4.6,intermediate,3.6k
global trends for business and society,university of pennsylvania,course,4.8,mixed,7.6k
"globalization, economic growth and stability",ie business school,specialization,4.8,intermediate,44k
good with words: writing and editing,university of michigan,specialization,4.6,beginner,3.8k
google cloud platform big data and machine learning fundamentals,google cloud,course,4.6,intermediate,120k
google cloud platform fundamentals for aws professionals,google cloud,course,4.7,intermediate,36k
google it automation with python,google,professional certificate,4.7,beginner,93k
google it support,google,professional certificate,4.8,beginner,350k
grammar and punctuation,"university of california, irvine",course,4.7,mixed,430k
graphic design elements for non-designers,university of colorado boulder,specialization,4.7,beginner,10k
greek and roman mythology,university of pennsylvania,course,4.8,mixed,260k
greening the economy: sustainable cities,lund university,course,4.6,beginner,56k
guitar for beginners,berklee college of music,course,4.8,mixed,210k
gut check: exploring your microbiome,university of california san diego,course,4.7,mixed,62k
"html, css, and javascript for web developers",johns hopkins university,course,4.8,mixed,240k
habilidades gerenciales,universidad nacional autónoma de méxico,specialization,4.7,beginner,43k
hacia una práctica constructivista en el aula,pontificia universidad católica de chile,course,4.8,mixed,62k
hardware description languages for fpga design,university of colorado boulder,course,4.2,intermediate,7.4k
healing with the arts,university of florida,course,4.6,mixed,39k
health informatics,johns hopkins university,specialization,4.5,beginner,8.1k
health information literacy for data analytics,"university of california, davis",specialization,4.5,intermediate,5.4k
healthcare law,university of pennsylvania,specialization,4.7,intermediate,1.7k
healthcare marketplace,university of minnesota,specialization,4.4,beginner,36k
healthcare organization operations,rutgers the state university of new jersey,specialization,4.6,beginner,5.5k
"high performance collaboration: leadership, teamwork, and negotiation",northwestern university,course,4.8,mixed,46k
homeland security and cybersecurity,university of colorado system,specialization,4.7,beginner,5.5k
"hotel management: distribution, revenue and demand management",essec business school,specialization,4.6,beginner,28k
how things work: an introduction to physics,university of virginia,course,4.8,intermediate,170k
how to create a website in a weekend! (project-centered course),the state university of new york,course,3.3,mixed,140k
how to start your own business,michigan state university,specialization,4.1,beginner,34k
human resource management: hr for people managers,university of minnesota,specialization,4.7,beginner,98k
ibm ai engineering,ibm,professional certificate,4.6,intermediate,140k
ibm ai enterprise workflow,ibm,specialization,4.4,advanced,3.5k
ibm applied ai,ibm,professional certificate,4.6,beginner,220k
ibm customer engagement specialist professional certificate,ibm,course,4.8,beginner,3.3k
ibm data science,ibm,professional certificate,4.6,beginner,480k
it fundamentals for cybersecurity,ibm,specialization,4.5,beginner,35k
it security: defense against the digital dark arts,google,course,4.8,beginner,62k
"identifying, monitoring, and analyzing risk and incident response and recovery",(isc)²,course,4.9,beginner,1.7k
implementación del marketing mix,ie business school,specialization,4.7,beginner,23k
implementing rpa with cognitive automation and analytics,automation anywhere,specialization,4.6,beginner,2.2k
improve your english communication skills,georgia institute of technology,specialization,4.7,beginner,610k
"improving deep neural networks: hyperparameter tuning, regularization and optimization",deeplearning.ai,course,4.9,beginner,270k
improving leadership & governance in nonprofit organizations,luther college at the university of regina,specialization,4.4,beginner,18k
in the studio: postwar abstract painting,the museum of modern art,course,4.9,beginner,79k
indigenous canada,university of alberta,course,4.8,mixed,51k
industrial iot on google cloud platform,google cloud,course,4.5,beginner,34k
infectious disease modelling,imperial college london,specialization,5.0,intermediate,1.6k
influencer marketing strategy,rutgers the state university of new jersey,course,4.4,intermediate,12k
"influencing: storytelling, change management and governance",macquarie university,specialization,4.8,beginner,22k
information security: context and introduction,"royal holloway, university of london",course,4.6,beginner,32k
information visualization,new york university,specialization,4.6,beginner,10k
information​ ​systems,university of minnesota,specialization,4.7,beginner,16k
initiating and planning projects,"university of california, irvine",course,4.7,mixed,180k
innovation management,erasmus university rotterdam,course,4.6,beginner,40k
"innovation through design: think, make, break, repeat",the university of sydney,course,4.8,beginner,10k
innovation: from creativity to entrepreneurship,university of illinois at urbana-champaign,specialization,4.8,beginner,25k
inspirational leadership: leading with sense,hec paris,specialization,4.5,beginner,72k
inspired leadership,case western reserve university,specialization,4.7,intermediate,97k
inspiring and motivating individuals,university of michigan,course,4.8,mixed,85k
instructional design foundations and applications,university of illinois at urbana-champaign,course,4.2,mixed,12k
instructional methods in health professions education,university of michigan,course,4.6,intermediate,9.7k
integrative health and medicine,university of minnesota,specialization,4.8,beginner,14k
intellectual property law,university of pennsylvania,specialization,4.8,intermediate,8.7k
interaction design,university of california san diego,specialization,4.5,intermediate,150k
intercultural management,escp business school,course,4.6,beginner,6.5k
international business essentials,university of london,specialization,4.5,intermediate,22k
international cyber conflicts,the state university of new york,course,4.4,mixed,25k
international humanitarian law in theory and practice,kalshoven-gieskes forum,course,4.8,beginner,22k
international law in action: a guide to the international courts and tribunals in the hague,universiteit leiden,course,4.8,mixed,36k
international law in action: the arbitration of international disputes,universiteit leiden,course,4.8,mixed,19k
international leadership and organizational behavior,università bocconi,course,4.8,mixed,41k
international marketing & cross industry growth,yonsei university,specialization,4.6,beginner,26k
international organizations management,university of geneva,course,4.8,beginner,20k
international security management,erasmus university rotterdam,course,4.5,beginner,2.2k
international women's health and human rights,stanford university,course,4.9,beginner,35k
international migrations: a global issue,sciences po,course,4.6,beginner,11k
internet connection: how to get online?,cisco,course,4.7,beginner,36k
internet giants: the law and economics of media platforms,the university of chicago,course,4.8,mixed,38k
interviewing and resume writing in english,"university of maryland, college park",specialization,4.6,intermediate,66k
introducción a data science: programación estadística con r,universidad nacional autónoma de méxico,course,4.7,beginner,140k
introducción a la programación en python i: aprendiendo a programar con python,pontificia universidad católica de chile,course,4.4,beginner,100k
introduction aux droits de l’homme,university of geneva,course,4.8,mixed,46k
introduction to ableton live,berklee college of music,course,4.8,mixed,60k
introduction to artificial intelligence (ai),ibm,course,4.7,beginner,44k
introduction to big data,university of california san diego,course,4.6,mixed,160k
introduction to blockchain technologies,insead,course,4.7,beginner,16k
introduction to breast cancer,yale university,course,4.9,mixed,27k
introduction to business analytics: communicating with data,university of illinois at urbana-champaign,course,4.7,intermediate,14k
introduction to css3,university of michigan,course,4.8,mixed,84k
introduction to calculus,the university of sydney,course,4.8,intermediate,53k
introduction to chemistry:  reactions and ratios,duke university,course,4.8,beginner,46k
introduction to classical music,yale university,course,4.9,mixed,150k
introduction to cloud computing,ibm,course,4.6,beginner,2.6k
introduction to computer programming,"goldsmiths, university of london",course,4.3,beginner,20k
introduction to computer science and programming,"goldsmiths, university of london",specialization,4.3,beginner,32k
introduction to corporate finance,university of pennsylvania,course,4.6,mixed,130k
introduction to cyber attacks,new york university,course,4.7,beginner,27k
introduction to cyber security,new york university,specialization,4.7,beginner,32k
introduction to cybersecurity tools & cyber attacks,ibm,course,4.5,beginner,30k
introduction to data analysis using excel,rice university,course,4.7,mixed,99k
introduction to data science,ibm,specialization,4.6,beginner,310k
introduction to data science in python,university of michigan,course,4.5,intermediate,390k
introduction to dental medicine,university of pennsylvania,course,4.8,beginner,25k
introduction to discrete mathematics for computer science,national research university higher school of economics,specialization,4.4,beginner,75k
introduction to electronics,georgia institute of technology,course,4.7,mixed,110k
introduction to embedded systems software and development environments,university of colorado boulder,course,4.5,intermediate,41k
introduction to engineering mechanics,georgia institute of technology,course,4.7,mixed,150k
introduction to environmental law and policy,the university of north carolina at chapel hill,course,4.8,mixed,34k
introduction to financial accounting,university of pennsylvania,course,4.7,mixed,200k
introduction to forensic science,"nanyang technological university, singapore",course,4.9,mixed,47k
introduction to game development,michigan state university,course,4.8,mixed,79k
introduction to genetics and evolution,duke university,course,4.8,mixed,74k
introduction to genomic technologies,johns hopkins university,course,4.6,mixed,42k
introduction to html5,university of michigan,course,4.7,mixed,220k
introduction to imagemaking,california institute of the arts,course,4.5,beginner,54k
introduction to intellectual property,university of pennsylvania,course,4.8,beginner,6k
introduction to international criminal law,case western reserve university,course,4.8,mixed,82k
introduction to marketing,university of pennsylvania,course,4.8,mixed,220k
introduction to mathematical thinking,stanford university,course,4.8,intermediate,270k
introduction to operations management,university of pennsylvania,course,4.5,mixed,87k
introduction to personal branding,university of virginia,course,4.4,beginner,140k
introduction to philosophy,the university of edinburgh,course,4.6,mixed,370k
introduction to portfolio construction and analysis with python,edhec business school,course,4.8,mixed,11k
introduction to probability and data,duke university,course,4.7,beginner,160k
introduction to programming in c,duke university,specialization,4.7,beginner,82k
introduction to programming with matlab,vanderbilt university,course,4.8,beginner,270k
introduction to psychology,yale university,course,4.9,beginner,270k
introduction to scripting in python,rice university,specialization,4.7,beginner,49k
introduction to self-driving cars,university of toronto,course,4.8,advanced,39k
introduction to spreadsheets and models,university of pennsylvania,course,4.2,mixed,76k
introduction to statistics & data analysis in public health,imperial college london,course,4.7,beginner,12k
introduction to sustainability,university of illinois at urbana-champaign,course,4.8,mixed,69k
introduction to systematic review and meta-analysis,johns hopkins university,course,4.8,mixed,67k
introduction to systems engineering,unsw sydney (the university of new south wales),course,4.7,mixed,33k
"introduction to tensorflow for artificial intelligence, machine learning, and deep learning",deeplearning.ai,course,4.7,intermediate,150k
introduction to thermodynamics: transferring energy from here to there,university of michigan,course,4.8,beginner,4.1k
"introduction to trading, machine learning & gcp",new york institute of finance,course,4.0,intermediate,13k
introduction to typography,california institute of the arts,course,4.8,beginner,72k
introduction to user experience design,georgia institute of technology,course,4.5,beginner,87k
introduction to user experience principles and processes,university of michigan,course,4.8,beginner,16k
introduction to web development,"university of california, davis",course,4.7,beginner,76k
introduction to the biology of cancer,johns hopkins university,course,4.8,beginner,110k
introductory human physiology,duke university,course,4.7,mixed,270k
introdução aos princípios e práticas da gestão de projetos,universidade de são paulo,specialization,4.9,beginner,4.5k
introdução à ciência da computação com python parte 1,universidade de são paulo,course,4.9,beginner,120k
investment management,university of geneva,specialization,4.7,beginner,99k
investment management with python and machine learning,edhec business school,specialization,4.6,beginner,14k
investment and portfolio management,rice university,specialization,4.5,beginner,49k
japanese for beginners 1,saint petersburg state university,course,4.6,beginner,4.4k
java programming and software engineering fundamentals,duke university,specialization,4.6,beginner,380k
java programming: solving problems with software,duke university,course,4.6,beginner,160k
julia scientific programming,university of cape town,course,4.5,beginner,22k
kotlin for java developers,jetbrains,course,4.7,intermediate,37k
l'excellence opérationnelle en pratique,essec business school,course,4.7,beginner,8k
"l'impact investing, la finance qui change le monde",essec business school,specialization,4.6,beginner,6.3k
leadership development for engineers,rice university,specialization,4.7,beginner,17k
leadership in 21st century organizations,copenhagen business school,course,4.7,mixed,34k
leading healthcare quality and safety,the george washington university,course,4.8,beginner,16k
leading people and teams,university of michigan,specialization,4.7,beginner,220k
"leading for equity, diversity and inclusion in higher education",university of michigan,course,4.7,intermediate,5.9k
leading: human resource management and leadership,macquarie university,specialization,4.8,intermediate,16k
learn chinese: hsk test preparation,peking university,specialization,4.8,beginner,43k
learn english,tsinghua university,specialization,4.3,beginner,22k
learn english: advanced academic speaking and listening,"university of california, irvine",specialization,4.5,intermediate,78k
learn english: advanced grammar and punctuation,"university of california, irvine",specialization,4.8,advanced,52k
learn english: intermediate grammar,"university of california, irvine",specialization,4.7,intermediate,120k
learn mandarin chinese,shanghai jiao tong university,specialization,4.8,beginner,39k
learn sql basics for data science,"university of california, davis",specialization,4.6,beginner,160k
learn spanish: basic spanish vocabulary,"university of california, davis",specialization,4.6,beginner,80k
learn to program: the fundamentals,university of toronto,course,4.8,beginner,180k
learn to speak korean 1,yonsei university,course,4.9,beginner,120k
learning to teach online,unsw sydney (the university of new south wales),course,4.7,beginner,68k
legal tech & startups,ie business school,course,4.5,intermediate,7.2k
les fondamentaux de la négociation,essec business school,course,4.7,beginner,10k
liderazgo efectivo para el siglo xxi,universidad de los andes,specialization,4.8,intermediate,23k
linear circuits 1: dc analysis,georgia institute of technology,course,4.6,mixed,29k
love as a force for social justice,stanford university,course,4.7,beginner,14k
machine learning,university of washington,specialization,4.6,intermediate,290k
machine learning,stanford university,course,4.9,mixed,3.2m
machine learning foundations: a case study approach,university of washington,course,4.6,mixed,240k
machine learning and reinforcement learning in finance,new york university,specialization,3.7,intermediate,29k
machine learning for all,university of london,course,4.6,beginner,19k
machine learning for business professionals,google cloud,course,4.6,intermediate,58k
machine learning for trading,google cloud,specialization,3.9,intermediate,15k
machine learning with python,ibm,course,4.7,intermediate,120k
machine learning with tensorflow on google cloud platform,google cloud,specialization,4.5,intermediate,72k
magic in the middle ages,universitat de barcelona,course,4.6,beginner,78k
making architecture,ie school of architecture & design,course,4.7,beginner,43k
management of fashion and luxury companies,università bocconi,course,4.7,mixed,120k
managerial accounting fundamentals,university of virginia,course,4.9,beginner,11k
managerial economics and business analysis,university of illinois at urbana-champaign,specialization,4.7,beginner,55k
managing innovation and design thinking,hec paris,specialization,4.7,beginner,23k
managing project risks and changes,"university of california, irvine",course,4.7,mixed,71k
managing social and human capital,university of pennsylvania,course,4.5,beginner,27k
managing your health: the role of physical therapy and exercise,university of toronto,course,4.6,beginner,47k
market research,"university of california, davis",specialization,4.5,beginner,22k
marketing digital,universidade de são paulo,course,4.8,beginner,81k
marketing digital,universidad austral,specialization,4.7,beginner,39k
marketing gerencial,universidad de chile,course,4.7,intermediate,49k
marketing mix implementation,ie business school,specialization,4.6,beginner,93k
marketing strategy,ie business school,specialization,4.4,beginner,57k
marketing verde,universidad de los andes,course,4.8,mixed,58k
marketing con redes sociales,tecnológico de monterrey,specialization,4.4,intermediate,60k
marketing in a digital world,university of illinois at urbana-champaign,course,4.7,beginner,310k
mastering data analysis in excel,duke university,course,4.2,mixed,280k
mastering final cut pro,learnquest,course,4.6,beginner,8.4k
mastering software development in r,johns hopkins university,specialization,4.3,beginner,52k
materials science: 10 things every engineer should know,"university of california, davis",course,4.7,mixed,48k
mathematics for data science,national research university higher school of economics,specialization,4.5,beginner,12k
mathematics for machine learning,imperial college london,specialization,4.6,beginner,150k
mathematics for machine learning: linear algebra,imperial college london,course,4.7,beginner,140k
mathematics for machine learning: multivariate calculus,imperial college london,course,4.7,beginner,51k
mathematics for machine learning: pca,imperial college london,course,4.0,intermediate,33k
medical cannabis: the health effects of thc and cbd,university of colorado boulder,specialization,4.8,beginner,4.8k
medical neuroscience,duke university,course,4.9,advanced,170k
memoir and personal essay: write about yourself,wesleyan university,specialization,4.3,beginner,13k
methods and statistics in social sciences,university of amsterdam,specialization,4.6,beginner,260k
microeconomics principles,university of illinois at urbana-champaign,course,4.9,beginner,73k
microeconomics: the power of markets,university of pennsylvania,course,4.7,mixed,34k
mindshift: break through obstacles to learning and discover your hidden potential,mcmaster university,course,4.8,beginner,230k
miracles of human language: an introduction to linguistics,universiteit leiden,course,4.7,beginner,120k
model thinking,university of michigan,course,4.8,mixed,130k
modeling risk and realities,university of pennsylvania,course,4.6,mixed,36k
modern art & ideas,the museum of modern art,course,4.7,beginner,310k
modern big data analysis with sql,cloudera,specialization,4.8,beginner,14k
"modern robotics:  mechanics, planning, and control",northwestern university,specialization,4.7,intermediate,21k
modernizing data lakes and data warehouses with gcp,google cloud,course,4.7,intermediate,9.1k
moral foundations of politics,yale university,course,4.8,mixed,100k
more introduction to financial accounting,university of pennsylvania,course,4.9,mixed,40k
mountains 101,university of alberta,course,4.9,mixed,44k
municipal solid waste management in developing countries,école polytechnique fédérale de lausanne,course,4.8,intermediate,59k
music business,berklee college of music,specialization,4.8,beginner,42k
music business foundations,berklee college of music,course,4.9,mixed,34k
music production,berklee college of music,specialization,4.8,beginner,70k
nanotechnology: a maker’s course,duke university,course,4.8,mixed,21k
natural language processing in tensorflow,deeplearning.ai,course,4.6,intermediate,40k
negociación exitosa: estrategias y habilidades esenciales (en español),university of michigan,course,4.8,mixed,95k
"negotiation, mediation and conflict resolution",essec business school,specialization,4.7,beginner,22k
networking and security architecture with vmware nsx,vmware,course,4.8,intermediate,17k
networking in google cloud,google cloud,specialization,4.7,intermediate,290k
neural networks and deep learning,deeplearning.ai,course,4.9,intermediate,630k
neurolinguistics,saint petersburg state university,course,4.7,mixed,41k
new approaches to countering terror: countering violent extremism,"university of maryland, college park",course,4.7,beginner,12k
newborn baby care,university of colorado system,specialization,4.8,beginner,5.3k
nutrición y obesidad: control de sobrepeso,universidad nacional autónoma de méxico,course,4.8,beginner,100k
nutrition and lifestyle in pregnancy,ludwig-maximilians-universität münchen (lmu),course,4.8,intermediate,35k
object oriented java programming: data structures and beyond,university of california san diego,specialization,4.7,intermediate,250k
object oriented programming in java,duke university,specialization,4.6,beginner,330k
object-oriented data structures in c++,university of illinois at urbana-champaign,course,4.7,intermediate,21k
object-oriented design,university of alberta,course,4.7,intermediate,33k
oil & gas industry operations and markets,duke university,course,4.8,mixed,57k
"open source software development, linux and git",the linux foundation,specialization,4.4,beginner,13k
operating systems and you: becoming a power user,google,course,4.6,beginner,76k
operations analytics,university of pennsylvania,course,4.7,mixed,80k
optical engineering,university of colorado boulder,specialization,4.2,advanced,6.2k
organizational leadership,northwestern university,specialization,4.7,intermediate,92k
osteoarchaeology: the truth in our bones,universiteit leiden,course,4.7,beginner,22k
palliative care: it's not just hospice anymore,university of colorado system,specialization,4.8,beginner,3.2k
palo alto networks cybersecurity,palo alto networks,specialization,4.6,beginner,9.1k
"parallel, concurrent, and distributed programming in java",rice university,specialization,4.5,intermediate,30k
particle physics: an introduction,university of geneva,course,4.5,mixed,42k
patient safety,johns hopkins university,specialization,4.8,beginner,8.8k
patrocinio deportivo,universitat autònoma de barcelona,course,4.6,beginner,12k
people analytics,university of pennsylvania,course,4.5,mixed,84k
perfect tenses and modals,"university of california, irvine",course,4.7,intermediate,79k
periodismo digital y combate a las fake news,universidad nacional autónoma de méxico,course,4.9,beginner,8.9k
photography basics and beyond: from smartphone to dslr,michigan state university,specialization,4.7,beginner,160k
plant bioinformatic methods,university of toronto,specialization,4.7,beginner,83k
politics and economics of international energy,sciences po,course,4.7,beginner,34k
positive psychiatry and mental health,the university of sydney,course,4.8,mixed,72k
positive psychology,the university of north carolina at chapel hill,course,4.7,mixed,180k
positive psychology: applications and interventions,university of pennsylvania,course,4.8,beginner,23k
positive psychology: martin e. p. seligman’s visionary science,university of pennsylvania,course,4.8,beginner,50k
positive psychology: resilience skills,university of pennsylvania,course,4.6,beginner,40k
power electronics,university of colorado boulder,specialization,4.8,intermediate,67k
practical data science with matlab,mathworks,specialization,4.7,beginner,10k
practical time series analysis,the state university of new york,course,4.6,intermediate,39k
preparing for the google cloud associate cloud engineer exam,google cloud,course,4.7,beginner,22k
preparing to manage human resources,university of minnesota,course,4.8,mixed,68k
"presentation skills: speechwriting, slides and delivery",e-learning development fund,specialization,4.6,beginner,47k
pricing strategy optimization,bcg,specialization,4.8,beginner,20k
primeros auxilios psicológicos (pap),universitat autònoma de barcelona,course,4.8,mixed,280k
private equity and venture capital,università bocconi,course,4.8,mixed,79k
probabilistic graphical models 1: representation,stanford university,course,4.7,advanced,68k
probability and statistics: to p or not to p?,university of london,course,4.6,beginner,36k
process mining: data science in action,eindhoven university of technology,course,4.8,intermediate,39k
"programming foundations with javascript, html and css",duke university,course,4.6,beginner,250k
programming fundamentals,duke university,course,4.7,beginner,19k
programming for everybody (getting started with python),university of michigan,course,4.8,mixed,1.3m
programming with google go,"university of california, irvine",specialization,4.6,intermediate,18k
project execution,"university of california, irvine",course,4.2,beginner,70k
project launch,"university of california, irvine",course,4.7,beginner,190k
project management & other tools for career development,"university of california, irvine",specialization,4.6,beginner,440k
project management principles and practices,"university of california, irvine",specialization,4.7,beginner,230k
psychological first aid,johns hopkins university,course,4.8,mixed,190k
public policy challenges of the 21st century,university of virginia,course,4.6,beginner,52k
python basics,university of michigan,course,4.8,beginner,110k
python classes and inheritance,university of michigan,course,4.7,intermediate,21k
python data structures,university of michigan,course,4.9,mixed,420k
"python functions, files, and dictionaries",university of michigan,course,4.8,beginner,26k
python and statistics for financial analysis,the hong kong university of science and technology,course,4.4,intermediate,41k
python for data science and ai,ibm,course,4.6,beginner,170k
python for everybody,university of michigan,specialization,4.8,beginner,1.5m
quantitative methods,university of amsterdam,course,4.7,mixed,69k
queering identities: lgbtq+ sexuality and gender identity,university of colorado system,course,4.9,beginner,3k
r programming,johns hopkins university,course,4.6,intermediate,480k
"ready, set, future! introduction to futures thinking",institute for the future,course,4.8,beginner,7.7k
recommender systems,university of minnesota,specialization,4.3,intermediate,29k
"recruiting, hiring, and onboarding employees",university of minnesota,course,4.7,mixed,35k
reinforcement learning,university of alberta,specialization,4.7,intermediate,23k
renewable energy and green building entrepreneurship,duke university,course,4.7,beginner,24k
reporting extra-financier et stratégie rse,essec business school,course,4.7,beginner,5.2k
requirements engineering: secure software  specifications,university of colorado system,specialization,4.6,beginner,7.2k
research data management and sharing,the university of edinburgh,course,4.6,mixed,16k
"resilience in children exposed to trauma, disaster and war: global perspectives",university of minnesota,course,4.8,mixed,15k
responsive website development and design,"goldsmiths, university of london",specialization,4.5,beginner,170k
rethinking international tax law,universiteit leiden,course,4.9,mixed,36k
revisão sistemática e meta-análise,universidade estadual de campinas,course,4.9,intermediate,17k
robotics,university of pennsylvania,specialization,4.4,beginner,120k
roman architecture,yale university,course,4.9,beginner,30k
russian alphabet,saint petersburg state university,course,4.7,beginner,3.2k
russian for beginners а1. русский язык: a1,saint petersburg state university,specialization,4.7,beginner,7k
réussir le changement,essec business school,course,4.5,mixed,33k
sas programmer,sas,professional certificate,4.8,beginner,370k
sas visual business analytics,sas,professional certificate,4.6,beginner,2.6k
sql for data science,"university of california, davis",course,4.6,beginner,160k
sales operations/management,west virginia university,specialization,4.4,beginner,5.6k
sales training for high performing teams,hubspot academy,specialization,4.7,beginner,16k
sample-based learning methods,university of alberta,course,4.8,intermediate,6.8k
scaling operations: linking strategy and execution,northwestern university,course,4.5,mixed,12k
school health for children and adolescents,university of colorado system,specialization,4.8,beginner,9.1k
science of exercise,university of colorado boulder,course,4.8,beginner,140k
search engine optimization fundamentals,"university of california, davis",course,4.7,mixed,47k
secure coding practices,"university of california, davis",specialization,4.4,intermediate,6.4k
security & safety challenges in a globalized world,universiteit leiden,course,4.7,beginner,14k
security in google cloud platform,google cloud,specialization,4.7,intermediate,300k
self-driving cars,university of toronto,specialization,4.7,advanced,39k
sequence models,deeplearning.ai,course,4.8,intermediate,14k
sexualidad...mucho más que sexo,universidad de los andes,course,4.8,beginner,110k
sharpened visions: a poetry workshop,california institute of the arts,course,4.7,beginner,61k
site reliability engineering: measuring and managing reliability,google cloud,course,4.5,advanced,16k
six sigma green belt,university system of georgia,specialization,4.7,intermediate,18k
six sigma and the organization (advanced),university system of georgia,course,4.7,intermediate,15k
"sleep: neurobiology, medicine, and society",university of michigan,course,4.8,beginner,20k
smart cities – management of smart urban infrastructures,école polytechnique fédérale de lausanne,course,4.6,beginner,22k
social entrepreneurship,copenhagen business school,specialization,4.6,beginner,13k
social media marketing,northwestern university,specialization,4.6,beginner,130k
"social norms, social change i",university of pennsylvania,course,4.6,beginner,78k
social policy for social services & health practitioners,columbia university,specialization,4.8,beginner,4.2k
social psychology,wesleyan university,course,4.7,beginner,220k
social and economic networks:  models and analysis,stanford university,course,4.8,advanced,42k
software design and architecture,university of alberta,specialization,4.6,beginner,60k
software development lifecycle,university of minnesota,specialization,4.6,intermediate,34k
software processes and agile practices,university of alberta,course,4.7,mixed,60k
software product management,university of alberta,specialization,4.6,beginner,110k
solar energy basics,the state university of new york,course,4.8,beginner,17k
songwriting: writing the lyrics,berklee college of music,course,4.8,beginner,68k
soporte de tecnologías de la información de google,crece con google,professional certificate,4.9,beginner,8.8k
spacecraft dynamics and control,university of colorado boulder,specialization,4.8,advanced,12k
spanish vocabulary: meeting people,"university of california, davis",course,4.6,beginner,71k
"speak english professionally: in person, online & on the phone",georgia institute of technology,course,4.6,mixed,430k
sports marketing,northwestern university,course,4.7,intermediate,12k
sports and society,duke university,course,4.8,mixed,16k
stanford introduction to food and health,stanford university,course,4.7,beginner,370k
stanford's short course on breastfeeding,stanford university,course,4.7,beginner,17k
statistical analysis with r for public health,imperial college london,specialization,4.7,beginner,16k
statistics with python,university of michigan,specialization,4.6,beginner,34k
statistics with r,duke university,specialization,4.7,beginner,220k
stories of infection,stanford university,course,4.9,intermediate,28k
strategic business analytics,essec business school,specialization,4.3,advanced,60k
strategic business management - microeconomics,"university of california, irvine",course,4.7,beginner,9.5k
strategic leadership and management,university of illinois at urbana-champaign,specialization,4.7,beginner,100k
strategic management,copenhagen business school,course,4.7,mixed,58k
strategic management and innovation,copenhagen business school,specialization,4.7,beginner,68k
strategic sales management,fundação instituto de administração,specialization,4.5,intermediate,9.2k
strategising: management for global competitive advantage,macquarie university,specialization,4.8,intermediate,30k
strategy and sustainability,iese business school,course,4.6,beginner,11k
structuring machine learning projects,deeplearning.ai,course,4.8,beginner,220k
success,university of pennsylvania,course,4.8,beginner,38k
successful negotiation: essential strategies and skills,university of michigan,course,4.8,mixed,750k
summary statistics in public health,johns hopkins university,course,4.8,beginner,11k
supply chain analytics,rutgers the state university of new jersey,course,4.7,beginner,7.9k
supply chain finance and blockchain technology,new york institute of finance,specialization,4.6,intermediate,4.9k
supply chain logistics,rutgers the state university of new jersey,course,4.7,beginner,66k
supply chain management,rutgers the state university of new jersey,specialization,4.7,beginner,82k
supply chain operations,rutgers the state university of new jersey,course,4.8,beginner,24k
supply chain principles,georgia institute of technology,course,4.6,mixed,29k
supporting children with difficulties in reading and writing,ucl institute of education,course,4.8,mixed,50k
survey data collection and analytics,"university of maryland, college park",specialization,4.3,beginner,45k
sustainable tourism – promoting environmental public health,university of copenhagen,course,4.6,beginner,9.4k
swift 5 ios application developer,learnquest,specialization,4.5,beginner,3.9k
system administration and it infrastructure services,google,course,4.7,beginner,62k
systems biology and biotechnology,icahn school of medicine at mount sinai,specialization,4.4,intermediate,48k
systems thinking in public health,johns hopkins university,course,4.9,mixed,33k
"tesol certificate, part 1: teach english now!",arizona state university,specialization,4.9,beginner,100k
"tesol certificate, part 2: teach english now!",arizona state university,specialization,4.9,beginner,62k
teach english now! foundational principles,arizona state university,course,4.9,mixed,81k
teach english now! teaching language online,arizona state university,course,4.4,intermediate,8.5k
teaching character and creating positive classrooms,relay graduate school of education,course,4.8,mixed,53k
teamwork skills: communicating effectively in groups,university of colorado boulder,course,4.8,beginner,49k
technical support fundamentals,google,course,4.8,beginner,280k
tensorflow in practice,deeplearning.ai,specialization,4.7,intermediate,170k
tensorflow: data and deployment,deeplearning.ai,specialization,4.5,intermediate,12k
terrorism and counterterrorism: comparing theory and practice,universiteit leiden,course,4.8,beginner,90k
the addicted brain,emory university,course,4.6,beginner,130k
the art of music production,berklee college of music,course,4.8,intermediate,47k
the art of sales: mastering the selling process,northwestern university,specialization,4.7,beginner,23k
the arts and science of relationships: understanding human needs,university of toronto,course,4.5,beginner,73k
the bits and bytes of computer networking,google,course,4.7,beginner,130k
the business of health care,university of pennsylvania,specialization,4.6,beginner,22k
the business of music production,berklee college of music,specialization,4.8,beginner,84k
the changing global order,universiteit leiden,course,4.7,intermediate,23k
the cycle: management of successful arts and cultural organizations,"university of maryland, college park",course,4.8,beginner,11k
the diy musician,berklee college of music,specialization,4.8,beginner,120k
the data scientist’s toolbox,johns hopkins university,course,4.6,mixed,420k
the economics of health care delivery,university of pennsylvania,course,4.8,mixed,7.2k
the global financial crisis,yale university,course,4.8,mixed,84k
the horse course: introduction to basic care and management,university of florida,course,4.9,mixed,29k
the manager's toolkit: a practical guide to managing people at work,"birkbeck, university of london",course,4.6,mixed,47k
"the modern world, part one: global history from 1760 to 1910",university of virginia,course,4.8,beginner,130k
"the modern world, part two: global history since 1910",university of virginia,course,4.8,beginner,47k
the oral cavity: portal to health and disease,university of pennsylvania,course,4.9,intermediate,9.4k
the power of macroeconomics: economic principles in the real world,"university of california, irvine",course,4.6,mixed,180k
the power of microeconomics: economic principles in the real world,"university of california, irvine",course,4.7,mixed,120k
the pronunciation of american english,"university of california, irvine",specialization,4.6,beginner,1.7k
the science of gastronomy,the hong kong university of science and technology,course,4.6,mixed,50k
the science of stem cells,american museum of natural history,course,4.7,intermediate,12k
the science of success: what researchers know that you should know,university of michigan,course,4.8,beginner,59k
the science of training young athletes,university of florida,course,4.9,beginner,13k
the science of well-being,yale university,course,4.9,mixed,2.5m
the singer songwriter,berklee college of music,specialization,4.8,beginner,320k
the social context of mental health and illness,university of toronto,course,4.6,mixed,19k
the strategy of content marketing,"university of california, davis",course,4.5,intermediate,100k
"the sustainable development goals – a global, transdisciplinary vision for the future",university of copenhagen,course,4.8,beginner,26k
the teacher and social and emotional learning (sel),university of colorado boulder,specialization,4.7,beginner,5.2k
the technology of music production,berklee college of music,course,4.8,beginner,28k
the truth about cats and dogs,the university of edinburgh,course,4.7,mixed,33k
the hidden value – lean in manufacturing and services,école des ponts paristech,course,4.7,beginner,14k
think again i: how to understand arguments,duke university,course,4.6,beginner,200k
tools for data science,ibm,course,4.6,beginner,120k
trading strategies in emerging markets,indian school of business,specialization,4.3,beginner,68k
"transmedia storytelling: narrative worlds, emerging technologies, and global audiences",unsw sydney (the university of new south wales),course,4.8,mixed,45k
tricky american english pronunciation,"university of california, irvine",course,4.7,beginner,110k
troubles du spectre de l'autisme : diagnostic,university of geneva,course,4.9,intermediate,5.4k
u.s. federal taxation,university of illinois at urbana-champaign,specialization,4.8,intermediate,12k
uci project management,"university of california, irvine",professional certificate,4.6,beginner,44k
ui / ux design,california institute of the arts,specialization,4.7,beginner,68k
ux design fundamentals,california institute of the arts,course,4.8,beginner,25k
understanding cancer metastasis,johns hopkins university,course,4.8,beginner,29k
understanding clinical research: behind the statistics,university of cape town,course,4.8,mixed,78k
understanding einstein: the special theory of relativity,stanford university,course,4.9,beginner,89k
understanding medical research: your facebook friend is wrong,yale university,course,4.8,beginner,24k
understanding modern finance,american institute of business and economics,specialization,4.4,intermediate,11k
understanding plants - part i: what a plant knows,tel aviv university,course,4.8,beginner,49k
understanding research methods,soas university of london,course,4.5,mixed,120k
understanding and visualizing data with python,university of michigan,course,4.7,beginner,30k
understanding the brain: the neurobiology of everyday life,the university of chicago,course,4.9,beginner,130k
unity certified programmer exam preparation,unity,specialization,4.5,intermediate,6.1k
unity xr: how to build ar and vr apps,unity,specialization,4.2,beginner,12k
university teaching,the university of hong kong,course,4.8,beginner,9.5k
unraveling the cycling city,university of amsterdam,course,4.9,intermediate,3.9k
user experience research and design,university of michigan,specialization,4.8,beginner,23k
user interface design,university of minnesota,specialization,4.6,intermediate,43k
using databases with python,university of michigan,course,4.8,mixed,220k
using python to access web data,university of michigan,course,4.8,mixed,310k
using python to interact with the operating system,google,course,4.7,beginner,19k
value chain management,university of illinois at urbana-champaign,specialization,4.7,intermediate,63k
version control with git,atlassian,course,4.8,mixed,40k
viral marketing and how to craft contagious content,university of pennsylvania,course,4.7,mixed,150k
virtual reality,"goldsmiths, university of london",specialization,4.7,beginner,37k
virtual teacher,"university of california, irvine",specialization,4.3,beginner,23k
vital signs: understanding what the body is telling us,university of pennsylvania,course,4.8,mixed,190k
web applications for everybody,university of michigan,specialization,4.8,intermediate,120k
web design for everybody: basics of web development & coding,university of michigan,specialization,4.7,beginner,280k
weight management: beyond balancing calories,emory university,course,4.7,beginner,34k
what is contemporary art?,the museum of modern art,course,4.7,beginner,120k
what future for education?,ucl institute of education,course,4.7,mixed,35k
what is compliance?,university of pennsylvania,course,4.8,mixed,6.2k
what is data science?,ibm,course,4.7,beginner,260k
what is social?,northwestern university,course,4.6,mixed,94k
wine tasting: sensory techniques for wine analysis,"university of california, davis",course,4.7,beginner,32k
wonders of ancient egypt,university of pennsylvania,course,4.8,intermediate,17k
write a feature length screenplay for film or television,michigan state university,course,4.9,beginner,12k
write professional emails in english,georgia institute of technology,course,4.7,mixed,270k
write your first novel,michigan state university,course,4.4,beginner,18k
writing in the sciences,stanford university,course,4.9,beginner,140k
e-learning ecologies: innovative approaches to teaching and learning for the digital age,university of illinois at urbana-champaign,course,4.5,mixed,17k
ios app development with swift,university of toronto,specialization,3.9,intermediate,76k
¿qué hacen los buenos directivos? prioridades de la alta dirección,iese business school,course,4.7,beginner,25k
étudier en france: french intermediate course b1-b2,école polytechnique,course,4.8,intermediate,190k
éxito profesional,"university of california, irvine",specialization,4.5,beginner,69k
искусство ведения бизнеса,saint petersburg state university,specialization,4.6,beginner,14k
искусство разработки на современном c++,e-learning development fund,specialization,4.9,intermediate,68k
корпоративные финансы и стоимость компании,national research university higher school of economics,specialization,4.5,beginner,16k
математика и python для анализа данных,e-learning development fund,course,4.8,beginner,67k
машинное обучение и анализ данных,e-learning development fund,specialization,4.7,intermediate,77k
основы digital маркетинга,national research university higher school of economics,specialization,4.5,intermediate,19k
основы программирования на python,national research university higher school of economics,course,4.6,beginner,83k
основы разработки на c++: белый пояс,e-learning development fund,course,4.9,intermediate,41k
погружение в python,moscow institute of physics and technology,course,4.7,intermediate,45k
программирование на python,mail.ru group,specialization,4.5,intermediate,52k
психолингвистика (psycholinguistics),saint petersburg state university,course,4.8,mixed,21k
разработка интерфейсов: вёрстка и javascript,e-learning development fund,specialization,4.5,intermediate,30k
русский как иностранный,saint petersburg state university,specialization,4.6,intermediate,9.8k
финансовые инструменты для частного инвестора,national research university higher school of economics,specialization,4.7,beginner,38k
